Workbook

Sheet Health User
A1: User ID | B1: Age | C1: Gender | D1: Fitness Goal | E1: Height (cm) | F1: Age_Group
A2: U00001 | B2: 34 | C2: Other | D2: Weight Loss | E2: 167.8 | F2: =IF(B2<31,"18-30",IF(B2<46,"31-45",IF(B2<61,"46-60","61+"))) -> 31-45
A3: U00002 | B3: 45 | C3: Male | D3: Weight Loss | E3: 156.3 | F3: =IF(B3<31,"18-30",IF(B3<46,"31-45",IF(B3<61,"46-60","61+"))) -> 31-45
A4: U00003 | B4: 49 | C4: Female | D4: Weight Loss | E4: 172.6 | F4: =IF(B4<31,"18-30",IF(B4<46,"31-45",IF(B4<61,"46-60","61+"))) -> 46-60
A5: U00004 | B5: 42 | C5: Male | D5: General Fitness | E5: 176.2 | F5: =IF(B5<31,"18-30",IF(B5<46,"31-45",IF(B5<61,"46-60","61+"))) -> 31-45
A6: U00005 | B6: 49 | C6: Male | D6: Weight Loss | E6: 173.8 | F6: =IF(B6<31,"18-30",IF(B6<46,"31-45",IF(B6<61,"46-60","61+"))) -> 46-60
A7: U00006 | B7: 19 | C7: Female | D7: Weight Loss | E7: 161.6 | F7: =IF(B7<31,"18-30",IF(B7<46,"31-45",IF(B7<61,"46-60","61+"))) -> 18-30
A8: U00007 | B8: 32 | C8: Male | D8: Muscle Gain | E8: 172.5 | F8: =IF(B8<31,"18-30",IF(B8<46,"31-45",IF(B8<61,"46-60","61+"))) -> 31-45
A9: U00008 | B9: 13 | C9: Male | D9: General Fitness | E9: 163.3 | F9: =IF(B9<31,"18-30",IF(B9<46,"31-45",IF(B9<61,"46-60","61+"))) -> 18-30
A10: U00009 | B10: 42 | C10: Male | D10: Muscle Gain | E10: 179.1 | F10: =IF(B10<31,"18-30",IF(B10<46,"31-45",IF(B10<61,"46-60","61+"))) -> 31-45
A11: U00010 | B11: 24 | C11: Female | D11: Muscle Gain | E11: 194 | F11: =IF(B11<31,"18-30",IF(B11<46,"31-45",IF(B11<61,"46-60","61+"))) -> 18-30
A12: U00011 | B12: 42 | C12: Male | D12: General Fitness | E12: 163.9 | F12: =IF(B12<31,"18-30",IF(B12<46,"31-45",IF(B12<61,"46-60","61+"))) -> 31-45
A13: U00012 | B13: 39 | C13: Female | D13: Muscle Gain | E13: 178.5 | F13: =IF(B13<31,"18-30",IF(B13<46,"31-45",IF(B13<61,"46-60","61+"))) -> 31-45
... A501: U00500 | B501: 26 | C501: Male | D501: Weight Loss | E501: 176.5 | F501: =IF(B501<31,"18-30",IF(B501<46,"31-45",IF(B501<61,"46-60","61+"))) -> 18-30

Sheet Health Logs
A1: User ID | B1: Log Date | C1: Weight (kg) | D1: BMI | E1: Steps per Day | F1: Workout Hours | G1: Daily Calorie Intake | H1: Water Intake (Liters) | I1: Calories Burned | J1: Weight Change (kg) | K1: Goal Progress (%) | L1: App Engagement Level | M1: Missed Logs (Days) | N1: Age Group | O1: Fitness Goal | P1: Gender | R1: Relationship
A2: U00001 | B2: 45649 | C2: 50.42 | D2: 17.91 | E2: 8034 | F2: 1.96 | G2: 2105.03 | H2: 2.66 | I2: 811.36 | J2: -1.43 | K2: 42.85 | L2: High | M2: 0 | N2: =VLOOKUP(A2,'Health User'!$A:$F,6,FALSE) -> 31-45 | O2: =VLOOKUP(A2,'Health User'!$A:$D,4,FALSE) -> Weight Loss | P2: =VLOOKUP(A2,'Health User'!$A:$C,3,FALSE) -> Other | R2: =CORREL(K1:K2200,E1:E2200) -> -0.00060834153
A3: U00001 | B3: 45372 | C3: 51.84 | D3: 18.41 | E3: 7998 | F3: 0.76 | G3: 2011 | H3: 2.66 | I3: 509.92 | J3: -0.01 | K3: 49.95 | L3: Medium | M3: 0 | N3: =VLOOKUP(A3,'Health User'!$A:$F,6,FALSE) -> 31-45 | O3: =VLOOKUP(A3,'Health User'!$A:$D,4,FALSE) -> Weight Loss | P3: =VLOOKUP(A3,'Health User'!$A:$C,3,FALSE) -> Other
A4: U00001 | B4: 45565 | C4: 52.07 | D4: 18.49 | E4: 7999 | F4: 0.58 | G4: 1975.87 | H4: 1.94 | I4: 464.96 | J4: 0.21 | K4: 51.05 | L4: High | M4: 0 | N4: =VLOOKUP(A4,'Health User'!$A:$F,6,FALSE) -> 31-45 | O4: =VLOOKUP(A4,'Health User'!$A:$D,4,FALSE) -> Weight Loss | P4: =VLOOKUP(A4,'Health User'!$A:$C,3,FALSE) -> Other
A5: U00001 | B5: 45376 | C5: 50.17 | D5: 17.82 | E5: 8009 | F5: 0.56 | G5: 2256.01 | H5: 2.61 | I5: 460.36 | J5: -1.68 | K5: 41.6 | L5: High | M5: 0 | N5: =VLOOKUP(A5,'Health User'!$A:$F,6,FALSE) -> 31-45 | O5: =VLOOKUP(A5,'Health User'!$A:$D,4,FALSE) -> Weight Loss | P5: =VLOOKUP(A5,'Health User'!$A:$C,3,FALSE) -> Other
A6: U00001 | B6: 45508 | C6: 50.41 | D6: 17.9 | E6: 7901 | F6: 2.83 | G6: 1336.24 | H6: 2.58 | I6: 1023.54 | J6: -1.45 | K6: 42.75 | L6: High | M6: 0 | N6: =VLOOKUP(A6,'Health User'!$A:$F,6,FALSE) -> 31-45 | O6: =VLOOKUP(A6,'Health User'!$A:$D,4,FALSE) -> Weight Loss | P6: =VLOOKUP(A6,'Health User'!$A:$C,3,FALSE) -> Other
A7: U00001 | B7: 45480 | C7: 52.65 | D7: 18.7 | E7: 7915 | F7: 0.87 | G7: 1465.29 | H7: 2.31 | I7: 534.1 | J7: 0.8 | K7: 54 | L7: High | M7: 0 | N7: =VLOOKUP(A7,'Health User'!$A:$F,6,FALSE) -> 31-45 | O7: =VLOOKUP(A7,'Health User'!$A:$D,4,FALSE) -> Weight Loss | P7: =VLOOKUP(A7,'Health User'!$A:$C,3,FALSE) -> Other
A8: U00001 | B8: 45557 | C8: 52.55 | D8: 18.66 | E8: 8026 | F8: 2.88 | G8: 2193.61 | H8: 2.27 | I8: 1041.04 | J8: 0.7 | K8: 53.5 | L8: High | M8: 0 | N8: =VLOOKUP(A8,'Health User'!$A:$F,6,FALSE) -> 31-45 | O8: =VLOOKUP(A8,'Health User'!$A:$D,4,FALSE) -> Weight Loss | P8: =VLOOKUP(A8,'Health User'!$A:$C,3,FALSE) -> Other
A9: U00001 | B9: 45615 | C9: 51.49 | D9: 18.29 | E9: 7915 | F9: 0.76 | G9: 1995.15 | H9: 2.64 | I9: 506.6 | J9: -0.37 | K9: 48.15 | L9: High | M9: 0 | N9: =VLOOKUP(A9,'Health User'!$A:$F,6,FALSE) -> 31-45 | O9: =VLOOKUP(A9,'Health User'!$A:$D,4,FALSE) -> Weight Loss | P9: =VLOOKUP(A9,'Health User'!$A:$C,3,FALSE) -> Other
A10: U00001 | B10: 45500 | C10: 52.12 | D10: 18.51 | E10: 8046 | F10: 0.6 | G10: 1873.67 | H10: 2.37 | I10: 471.84 | J10: 0.27 | K10: 51.35 | L10: High | M10: 0 | N10: =VLOOKUP(A10,'Health User'!$A:$F,6,FALSE) -> 31-45 | O10: =VLOOKUP(A10,'Health User'!$A:$D,4,FALSE) -> Weight Loss | P10: =VLOOKUP(A10,'Health User'!$A:$C,3,FALSE) -> Other
A11: U00001 | B11: 45297 | C11: 52.12 | D11: 18.51 | E11: 8137 | F11: 1.1 | G11: 1689.71 | H11: 2.13 | I11: 600.48 | J11: 0.26 | K11: 51.3 | L11: High | M11: 0 | N11: =VLOOKUP(A11,'Health User'!$A:$F,6,FALSE) -> 31-45 | O11: =VLOOKUP(A11,'Health User'!$A:$D,4,FALSE) -> Weight Loss | P11: =VLOOKUP(A11,'Health User'!$A:$C,3,FALSE) -> Other
A12: U00001 | B12: 45474 | C12: 51.29 | D12: 18.22 | E12: 7898 | F12: 1.23 | G12: 1218.38 | H12: 2.92 | I12: 623.42 | J12: -0.56 | K12: 47.2 | L12: High | M12: 0 | N12: =VLOOKUP(A12,'Health User'!$A:$F,6,FALSE) -> 31-45 | O12: =VLOOKUP(A12,'Health User'!$A:$D,4,FALSE) -> Weight Loss | P12: =VLOOKUP(A12,'Health User'!$A:$C,3,FALSE) -> Other
A13: U00001 | B13: 45487 | C13: 52.94 | D13: 18.8 | E13: 8118 | F13: 1.52 | G13: 1633.03 | H13: 2.74 | I13: 704.72 | J13: 1.09 | K13: 55.45 | L13: High | M13: 0 | N13: =VLOOKUP(A13,'Health User'!$A:$F,6,FALSE) -> 31-45 | O13: =VLOOKUP(A13,'Health User'!$A:$D,4,FALSE) -> Weight Loss | P13: =VLOOKUP(A13,'Health User'!$A:$C,3,FALSE) -> Other
A14: U00001 | B14: 45528 | C14: 52.12 | D14: 18.51 | E14: 7763 | F14: 2.95 | G14: 2549.4 | H14: 2.24 | I14: 1048.02 | J14: 0.27 | K14: 51.35 | L14: High | M14: 0 | N14: =VLOOKUP(A14,'Health User'!$A:$F,6,FALSE) -> 31-45 | O14: =VLOOKUP(A14,'Health User'!$A:$D,4,FALSE) -> Weight Loss | P14: =VLOOKUP(A14,'Health User'!$A:$C,3,FALSE) -> Other
... A2200: U00007 | B2200: 45302 | C2200: 65.63 | D2200: 22.06 | E2200: 8004 | F2200: 0.36 | G2200: 2148.68 | H2200: 1.51 | I2200: 410.16 | J2200: -0.58 | K2200: 52.9 | L2200: High | M2200: 0 | N2200: =VLOOKUP(A2200,'Health User'!$A:$F,6,FALSE) -> 31-45 | O2200: =VLOOKUP(A2200,'Health User'!$A:$D,4,FALSE) -> Muscle Gain | P2200: =VLOOKUP(A2200,'Health User'!$A:$C,3,FALSE) -> Male

Sheet Q-1
A1: Daily Calorie Intake
A2: 2105.03
A3: 2011 | C3: =AVERAGE(A2:A2200) -> 1999.5381 | D3: Mean
A4: 1975.87 | C4: =TRIMMEAN(A2:A2200,0.2) -> 1988.0086 | D4: Trim Mean
A5: 2256.01 | C5: =MEDIAN(A2:A2200) -> 1992.53 | D5: Median
A6: 1336.24 | C6: =_xlfn.STDEV.S(A2:A2200) -> 473.2707 | D6: Std Deviation
A7: 1465.29 | C7: Not Skewed
A8: 2193.61 | C8: No Outlier
A9: 1995.15
A10: 1873.67
A11: 1689.71
A12: 1218.38
A13: 1633.03
A14: 2549.4
A15: 1852.28
A16: 2701.93
A17: 2895.13
A18: 2061.33
A19: 1200
A20: 2161.21
... A2200: 2148.68

Sheet Q-2
A3: Age Group | B3: Average of Water Intake (Liters)
A4: 18-30 | B4: 2.4688767
A5: 31-45 | B5: 2.5175091
A6: 46-60 | B6: 2.515863
A7: Grand Total | B7: 2.5088904

Sheet Q-3
A1: Workout Hours | B1: Calories Burned | L1: C0RREL
A2: 1.96 | B2: 811.36 | L2: =CORREL(A2:A2200,B2:B2200) -> 0.99986713
A3: 0.76 | B3: 509.92
A4: 0.58 | B4: 464.96
A5: 0.56 | B5: 460.36
A6: 2.83 | B6: 1023.54
A7: 0.87 | B7: 534.1
A8: 2.88 | B8: 1041.04
A9: 0.76 | B9: 506.6
A10: 0.6 | B10: 471.84
A11: 1.1 | B11: 600.48
A12: 1.23 | B12: 623.42
A13: 1.52 | B13: 704.72
A14: 2.95 | B14: 1048.02
... A2200: 0.36 | B2200: 410.16

Sheet Q-4
A3: Fitness Goal | B3: Count of Fitness Goal | L3: Fitness Goal | M3: Average of Goal Progress (%)
A4: General Fitness | B4: 365 | L4: General Fitness | M4: 50.004932
A5: Muscle Gain | B5: 9 | L5: Muscle Gain | M5: 51.455556
A6: Weight Loss | B6: 1825 | L6: Weight Loss | M6: 50.005753
A7: Grand Total | B7: 2199 | L7: Grand Total | M7: 50.011551

Sheet Q_5
A1: BMI | G1: BMI Category
A2: 17.91 | C2: Underweight: Less than 18.5 | G2: =IF(A2<18.5,"Underweight",IF(A2<25,"Healthy weight",IF(A2<30,"Overweight",IF(A2=30,"Obesity",IF(A2<35,"Class 1",IF(A2<40,"Class 2","Class 3")))))) -> Underweight | I2: BMI Category | J2: Count of BMI Category
A3: 18.41 | C3: Healthy weight: 18.5 to less than 25 | G3: =IF(A3<18.5,"Underweight",IF(A3<25,"Healthy weight",IF(A3<30,"Overweight",IF(A3=30,"Obesity",IF(A3<35,"Class 1",IF(A3<40,"Class 2","Class 3")))))) -> Underweight | I3: Class 1 | J3: 727
A4: 18.49 | C4: Overweight: 25 to less than 30 | G4: =IF(A4<18.5,"Underweight",IF(A4<25,"Healthy weight",IF(A4<30,"Overweight",IF(A4=30,"Obesity",IF(A4<35,"Class 1",IF(A4<40,"Class 2","Class 3")))))) -> Underweight | I4: Healthy weight | J4: 750
A5: 17.82 | C5: Obesity: 30 or greater | G5: =IF(A5<18.5,"Underweight",IF(A5<25,"Healthy weight",IF(A5<30,"Overweight",IF(A5=30,"Obesity",IF(A5<35,"Class 1",IF(A5<40,"Class 2","Class 3")))))) -> Underweight | I5: Obesity | J5: 2
A6: 17.9 | C6: Class 1: 30 to less than 35 | G6: =IF(A6<18.5,"Underweight",IF(A6<25,"Healthy weight",IF(A6<30,"Overweight",IF(A6=30,"Obesity",IF(A6<35,"Class 1",IF(A6<40,"Class 2","Class 3")))))) -> Underweight | I6: Overweight | J6: 129
A7: 18.7 | C7: Class 2: 35 to less than 40 | G7: =IF(A7<18.5,"Underweight",IF(A7<25,"Healthy weight",IF(A7<30,"Overweight",IF(A7=30,"Obesity",IF(A7<35,"Class 1",IF(A7<40,"Class 2","Class 3")))))) -> Healthy weight | I7: Underweight | J7: 591
A8: 18.66 | C8: Class 3: 40 or greater | G8: =IF(A8<18.5,"Underweight",IF(A8<25,"Healthy weight",IF(A8<30,"Overweight",IF(A8=30,"Obesity",IF(A8<35,"Class 1",IF(A8<40,"Class 2","Class 3")))))) -> Healthy weight | I8: Grand Total | J8: 2199
A9: 18.29 | G9: =IF(A9<18.5,"Underweight",IF(A9<25,"Healthy weight",IF(A9<30,"Overweight",IF(A9=30,"Obesity",IF(A9<35,"Class 1",IF(A9<40,"Class 2","Class 3")))))) -> Underweight
A10: 18.51 | G10: =IF(A10<18.5,"Underweight",IF(A10<25,"Healthy weight",IF(A10<30,"Overweight",IF(A10=30,"Obesity",IF(A10<35,"Class 1",IF(A10<40,"Class 2","Class 3")))))) -> Healthy weight
A11: 18.51 | G11: =IF(A11<18.5,"Underweight",IF(A11<25,"Healthy weight",IF(A11<30,"Overweight",IF(A11=30,"Obesity",IF(A11<35,"Class 1",IF(A11<40,"Class 2","Class 3")))))) -> Healthy weight
A12: 18.22 | G12: =IF(A12<18.5,"Underweight",IF(A12<25,"Healthy weight",IF(A12<30,"Overweight",IF(A12=30,"Obesity",IF(A12<35,"Class 1",IF(A12<40,"Class 2","Class 3")))))) -> Underweight
A13: 18.8 | G13: =IF(A13<18.5,"Underweight",IF(A13<25,"Healthy weight",IF(A13<30,"Overweight",IF(A13=30,"Obesity",IF(A13<35,"Class 1",IF(A13<40,"Class 2","Class 3")))))) -> Healthy weight
A14: 18.51 | G14: =IF(A14<18.5,"Underweight",IF(A14<25,"Healthy weight",IF(A14<30,"Overweight",IF(A14=30,"Obesity",IF(A14<35,"Class 1",IF(A14<40,"Class 2","Class 3")))))) -> Healthy weight
A15: 18.61 | G15: =IF(A15<18.5,"Underweight",IF(A15<25,"Healthy weight",IF(A15<30,"Overweight",IF(A15=30,"Obesity",IF(A15<35,"Class 1",IF(A15<40,"Class 2","Class 3")))))) -> Healthy weight
A16: 18.71 | G16: =IF(A16<18.5,"Underweight",IF(A16<25,"Healthy weight",IF(A16<30,"Overweight",IF(A16=30,"Obesity",IF(A16<35,"Class 1",IF(A16<40,"Class 2","Class 3")))))) -> Healthy weight
A17: 18.1 | G17: =IF(A17<18.5,"Underweight",IF(A17<25,"Healthy weight",IF(A17<30,"Overweight",IF(A17=30,"Obesity",IF(A17<35,"Class 1",IF(A17<40,"Class 2","Class 3")))))) -> Underweight
A18: 18.16 | G18: =IF(A18<18.5,"Underweight",IF(A18<25,"Healthy weight",IF(A18<30,"Overweight",IF(A18=30,"Obesity",IF(A18<35,"Class 1",IF(A18<40,"Class 2","Class 3")))))) -> Underweight
A19: 18.17 | G19: =IF(A19<18.5,"Underweight",IF(A19<25,"Healthy weight",IF(A19<30,"Overweight",IF(A19=30,"Obesity",IF(A19<35,"Class 1",IF(A19<40,"Class 2","Class 3")))))) -> Underweight
A20: 18.73 | G20: =IF(A20<18.5,"Underweight",IF(A20<25,"Healthy weight",IF(A20<30,"Overweight",IF(A20=30,"Obesity",IF(A20<35,"Class 1",IF(A20<40,"Class 2","Class 3")))))) -> Healthy weight
... A2200: 22.06 | G2200: =IF(A2200<18.5,"Underweight",IF(A2200<25,"Healthy weight",IF(A2200<30,"Overweight",IF(A2200=30,"Obesity",IF(A2200<35,"Class 1",IF(A2200<40,"Class 2","Class 3")))))) -> Healthy weight

Sheet Q6
A3: Age Group | B3: Average of Steps per Day
A4: 18-30 | B4: 8003.6603
A5: 31-45 | B5: 8000.0453
A6: 46-60 | B6: 7999.2548
A7: Grand Total | B7: 8000.3829

Sheet Q-7
A1: Weight Change (kg)
A2: -1.43
A3: -0.01 | B3: Mean | C3: =AVERAGE(A2:A2200) -> -0.0004001819
A4: 0.21 | B4: Trim Mean | C4: =TRIMMEAN(A2:A2200,0.2) -> 0.0016581488
A5: -1.68 | B5: Median | C5: =MEDIAN(A2:A2200) -> 0.01
A6: -1.45 | B6: STD Deviation | C6: =_xlfn.STDEV.S(A2:A2200) -> 0.99584379
A7: 0.8 | B7: ^
A8: 0.7 | B8: Outlier
A9: -0.37
A10: 0.27
A11: 0.26
A12: -0.56
A13: 1.09
A14: 0.27
A15: 0.55
A16: 0.82
A17: -0.88
A18: -0.72
A19: -0.68
A20: 0.87
... A2200: -0.58

Sheet Q-8
A3: Gender | B3: Count of Gender | K3: Gender | L3: Average of Calories Burned
A4: Female | B4: 227 | K4: Female | L4: 698.44485
A5: Male | B5: 226 | K5: Male | L5: 698.93219
A6: Other | B6: 47 | K6: Other | L6: 684.29534
K7: Grand Total | L7: 696.34092

Sheet Q-10
B3: Age Group | C3: Average of Calories Burned | E3: Gender | F3: Sum of Workout Hours
B4: 18-30 | C4: 697.68751 | E4: Female | F4: 1104.51
B5: 31-45 | C5: 698.57745 | E5: Male | F5: 1673.83
B6: 46-60 | C6: 692.28526 | E6: Other | F6: 531.82
B7: Grand Total | C7: 696.34092 | E7: Grand Total | F7: 3310.16
