Workbook

Sheet Sportsmen Details
A1: MEMBER ID | B1: FULL NAME | C1: PREFIX | D1: FIRSTNAME | E1: MIDDLENAME | F1: LASTNAME | G1: BIRTHDATE | H1: ZODIAC | I1: GENDER | J1: COUNTRYCODE | K1: COUNTRY NAME | L1: LANGUAGE | M1: EMAIL | N1: WEIGHT | O1: BLOODTYPE | P1: SPORT LOCATION | Q1: SPORTS | R1: SALARY
A2: 1 | C2: Ms. | D2: Annie | F2: Abbott | G2: 1997 | H2: Libra | I2: Female | J2: US | N2: 94 | O2: A− | Q2: Cycling Track | R2: 80.73 k
A3: 2 | C3: Ms. | D3: Aurelie | F3: Liesuchke | G3: 1992 | H3: Aquarius | I3: Female | J3: US | N3: 84 | O3: O− | Q3: Boxing | R3: 87.47 k
A4: 3 | C4: Sr. | D4: Tomas | E4: Ferreira | F4: Filho | G4: 1969 | H4: Cancer | I4: Male | J4: BR | N4: 53 | O4: A− | Q4: Football | R4: 64.72 k
A5: 4 | C5: Ms. | D5: Darby | F5: Cruickshank | G5: 1975 | H5: Taurus | I5: Female | J5: US | N5: 49 | O5: O− | Q5: Alpine Skiing | R5: 110.8 k
A6: 5 | C6: Dr. | D6: Jaydon | F6: Borer | G6: 1970 | H6: Taurus | I6: Male | J6: US | N6: 85 | O6: B− | Q6: Water Polo | R6: 56.92 k
A7: 6 | C7: Mr. | D7: Moriah | F7: Lynch | G7: 1992 | H7: Sagittarius | I7: Male | J7: US | N7: 83 | O7: O− | Q7: Fencing | R7: 51.13 k
A8: 7 | C8: Ms. | D8: Amiya | F8: Eichmann | G8: 1999 | H8: Leo | I8: Female | J8: US | N8: 61 | O8: B− | Q8: Cycling Road | R8: 65.47 k
A9: 8 | C9: Mr. | D9: Pierce | F9: Rau | G9: 1963 | H9: Taurus | I9: Male | J9: US | N9: 106 | O9: A+ | Q9: Curling | R9: 109.9 k
A10: 9 | C10: Ms. | D10: Amelia | F10: Stevens | G10: 1971 | H10: Aquarius | I10: Female | J10: GB | N10: 65 | O10: A+ | Q10: Shooting | R10: 60.06 k
A11: 10 | C11: Mr. | D11: Toby | F11: Simpson | G11: 1964 | H11: Sagittarius | I11: Male | J11: GB | N11: 63 | O11: O+ | Q11: Cycling Road | R11: 32.76 k
A12: 11 | C12: Sir | D12: Ethan | F12: Murphy | G12: 1986 | H12: Scorpio | I12: Male | J12: GB | N12: 104 | O12: O+ | Q12: Freestyle Skiing | R12: 99.61 k
A13: 12 | C13: Mrs. | D13: Ashley | F13: Wood | G13: 1977 | H13: Libra | I13: Female | J13: GB | N13: 101 | O13: O+ | Q13: Archery | R13: 56.60 k
A14: 13 | C14: Ms. | D14: Megan | F14: Scott | G14: 1977 | H14: Aquarius | I14: Female | J14: GB | N14: 71 | O14: A− | Q14: Rugby | R14: 117.4 k
A15: 14 | C15: Hr. | D15: Helmut | F15: Weinhae | G15: 1959 | H15: Virgo | I15: Male | J15: DE | N15: 68 | O15: A+ | Q15: Canoe Sprint | R15: 64.86 k
A16: 15 | C16: Prof. | D16: Milena | F16: Schotin | G16: 1965 | H16: Pisces | I16: Female | J16: DE | N16: 105 | O16: O+ | Q16: Cycling BMX | R16: 10.24 k
... A39: 38 | C39: M. | D39: Bernard | F39: Hoarau-Guyon | G39: 1983 | H39: Capricorn | I39: Male | J39: FR | N39: 60 | O39: O− | Q39: Cycling Track | R39: 71.35 k
A40: 39 | C40: Sr. | D40: Hidalgo | E40: Cantu | F40: Tercero | G40: 1984 | H40: Sagittarius | I40: Male | J40: AG | N40: 78 | O40: B− | Q40: Canoe Slalom | R40: 116.4 k
A41: 40 | C41: Sr. | D41: Hadalgo | F41: Polanco | G41: 1988 | H41: Gemini | I41: Male | J41: AG | N41: 98 | O41: A− | Q41: Beach Volleyball | R41: 114.1 k
A42: 41 | C42: Sra. | D42: Laura | F42: Oliviera | G42: 1974 | H42: Aquarius | I42: Female | J42: AG | N42: 52 | O42: O− | Q42: Athletics | R42: 79.87 k
A43: 42 | C43: Sra. | D43: Ainhoa | F43: Garza | G43: 1990 | H43: Pisces | I43: Female | J43: ES | N43: 56 | O43: O+ | Q43: Gymnastics Artistic | R43: 102.0 k
A44: 43 | C44: Sra. | D44: Isabel | F44: Banda | G44: 1960 | H44: Capricorn | I44: Female | J44: ES | N44: 102 | O44: O+ | Q44: Canoe Slalom | R44: 50.66 k
A45: 44 | C45: Sra. | D45: Carolota | F45: Mateos | G45: 1965 | H45: Leo | I45: Female | J45: ES | N45: 59 | O45: O− | Q45: Athletics | R45: 58.22 k
A46: 45 | C46: Mw. | D46: Elize | F46: Prins | G46: 1960 | H46: Taurus | I46: Female | J46: DU | N46: 64 | O46: O+ | Q46: Judo | R46: 39.94 k
A47: 46 | C47: dhr. | D47: Ryan | F47: Pham | G47: 1973 | H47: Libra | I47: Male | J47: DU | N47: 99 | O47: B+ | Q47: Beach Volleyball | R47: 44.87 k
A48: 47 | C48: Mw | D48: Elise | F48: Rotteveel | G48: 1968 | H48: Aries | I48: Female | J48: DU | N48: 62 | O48: O− | Q48: Beach Volleyball | R48: 90.48 k
A49: 48 | C49: Fru. | D49: Mirjam | F49: Soderberg | G49: 1997 | H49: Taurus | I49: Female | J49: SV | N49: 50 | O49: O+ | Q49: Football | R49: 38.97 k
A50: 49 | C50: H. | D50: Berndt | F50: Palsson | G50: 1987 | H50: Pisces | I50: Male | J50: SV | N50: 46 | O50: A− | Q50: Biathlon | R50: 35.39 k
A51: 50 | C51: Sr. | D51: Adriano | E51: Pontes | F51: Sobrinho | G51: 1993 | H51: Leo | I51: Male | J51: PR | N51: 93 | O51: A+ | Q51: Swimming | R51: 20.53 k

Sheet Location Details
A1: LANGUAGE | B1: English | C1: Portuguese | D1: English | E1: German | F1: English | G1: German | H1: French | I1: Spanish | J1: Spanish | K1: Dutch | L1: Swedish | M1: Portuguese
A2: COUNTRYCODE | B2: US | C2: BR | D2: GB | E2: DE | F2: OZ | G2: AU | H2: FR | I2: AG | J2: ES | K2: DU | L2: SV | M2: PR
A3: COUNTRY NAME | B3: USA | C3: BRAZIL | D3: UK | E3: GERMANY | F3: AUSTRALIA | G3: AUSTRIA | H3: FRANCE | I3: ARGENTINA | J3: SPAIN | K3: NETHERLANDS | L3: SWEDEN | M3: BRAZIL

Sheet Sports Details
A1: SPORTS TYPE | B1: SPORTS
A2: INDOOR | B2: Cycling Track
A3: INDOOR | B3: Boxing
A4: OUTDOOR | B4: Football
A5: OUTDOOR | B5: Alpine Skiing
A6: INDOOR | B6: Water Polo
A7: INDOOR | B7: Fencing
A8: OUTDOOR | B8: Cycling Road
A9: INDOOR | B9: Curling
A10: INDOOR | B10: Shooting
A11: OUTDOOR | B11: Freestyle Skiing
A12: OUTDOOR | B12: Archery
... A33: INDOOR | B33: Swimming

Sheet Clean Sportsmen Details Data
A1: MEMBER ID | B1: FULL NAME | C1: PREFIX | D1: FIRSTNAME | E1: MIDDLENAME | F1: LASTNAME | G1: BIRTH YEAR | H1: ZODIAC | I1: GENDER | J1: COUNTRYCODE | K1: COUNTRY NAME | L1: LANGUAGE | M1: EMAIL | N1: WEIGHT | O1: BLOODTYPE | P1: SPORTS TYPES | Q1: SPORTS | R1: SALARY | S1: CURRENT YEAR | T1: AGE
A2: =TEXT('Sportsmen Details'!A2,"000") -> 001 | B2: =UPPER(C2&" "&D2&" "&F2) -> MS. ANNIE ABBOTT | C2: Ms. | D2: Annie | F2: Abbott | G2: 1997 | H2: Libra | I2: Female | J2: US | K2: =HLOOKUP(J2,'Location Details'!$B$2:$M$3,2,FALSE) -> USA | L2: =HLOOKUP(J2,CHOOSE({1;2},'Location Details'!$B$2:$M$2,'Location Details'!$B$1:$M$1),2,FALSE) -> English | M2: abbott.annie@xyz.org | N2: 94 | O2: A− | P2: =INDEX('Sports Details'!$A$2:$A$33,MATCH(Q2,'Sports Details'!$B$2:$B$33,0)) -> INDOOR | Q2: Cycling Track | R2: =VALUE(SUBSTITUTE('Sportsmen Details'!R2," k"," "))*1000 -> 80730 | S2: 2024 | T2: =S2-G2 -> 27
A3: =TEXT('Sportsmen Details'!A3,"000") -> 002 | B3: =UPPER(C3&" "&D3&" "&F3) -> MS. AURELIE LIESUCHKE | C3: Ms. | D3: Aurelie | F3: Liesuchke | G3: 1992 | H3: Aquarius | I3: Female | J3: US | K3: =HLOOKUP(J3,'Location Details'!$B$2:$M$3,2,FALSE) -> USA | L3: =HLOOKUP(J3,CHOOSE({1;2},'Location Details'!$B$2:$M$2,'Location Details'!$B$1:$M$1),2,FALSE) -> English | M3: liesuchke.aurelie@xyz.org | N3: 84 | O3: O− | P3: =INDEX('Sports Details'!$A$2:$A$33,MATCH(Q3,'Sports Details'!$B$2:$B$33,0)) -> INDOOR | Q3: Boxing | R3: =VALUE(SUBSTITUTE('Sportsmen Details'!R3," k"," "))*1000 -> 87470 | S3: 2024 | T3: =S3-G3 -> 32
A4: =TEXT('Sportsmen Details'!A4,"000") -> 003 | B4: =UPPER(C4&" "&D4&" "&F4) -> SR. TOMAS FILHO | C4: Sr. | D4: Tomas | E4: Ferreira | F4: Filho | G4: 1969 | H4: Cancer | I4: Male | J4: BR | K4: =HLOOKUP(J4,'Location Details'!$B$2:$M$3,2,FALSE) -> BRAZIL | L4: =HLOOKUP(J4,CHOOSE({1;2},'Location Details'!$B$2:$M$2,'Location Details'!$B$1:$M$1),2,FALSE) -> Portuguese | M4: filho.tomas@xyz.org | N4: 53 | O4: A− | P4: =INDEX('Sports Details'!$A$2:$A$33,MATCH(Q4,'Sports Details'!$B$2:$B$33,0)) -> OUTDOOR | Q4: Football | R4: =VALUE(SUBSTITUTE('Sportsmen Details'!R4," k"," "))*1000 -> 64720 | S4: 2024 | T4: =S4-G4 -> 55
A5: =TEXT('Sportsmen Details'!A5,"000") -> 004 | B5: =UPPER(C5&" "&D5&" "&F5) -> MS. DARBY CRUICKSHANK | C5: Ms. | D5: Darby | F5: Cruickshank | G5: 1975 | H5: Taurus | I5: Female | J5: US | K5: =HLOOKUP(J5,'Location Details'!$B$2:$M$3,2,FALSE) -> USA | L5: =HLOOKUP(J5,CHOOSE({1;2},'Location Details'!$B$2:$M$2,'Location Details'!$B$1:$M$1),2,FALSE) -> English | M5: cruickshank.darby@xyz.org | N5: 49 | O5: O− | P5: =INDEX('Sports Details'!$A$2:$A$33,MATCH(Q5,'Sports Details'!$B$2:$B$33,0)) -> OUTDOOR | Q5: Alpine Skiing | R5: =VALUE(SUBSTITUTE('Sportsmen Details'!R5," k"," "))*1000 -> 110800 | S5: 2024 | T5: =S5-G5 -> 49
A6: =TEXT('Sportsmen Details'!A6,"000") -> 005 | B6: =UPPER(C6&" "&D6&" "&F6) -> DR. JAYDON BORER | C6: Dr. | D6: Jaydon | F6: Borer | G6: 1970 | H6: Taurus | I6: Male | J6: US | K6: =HLOOKUP(J6,'Location Details'!$B$2:$M$3,2,FALSE) -> USA | L6: =HLOOKUP(J6,CHOOSE({1;2},'Location Details'!$B$2:$M$2,'Location Details'!$B$1:$M$1),2,FALSE) -> English | M6: borer.jaydon@xyz.org | N6: 85 | O6: B− | P6: =INDEX('Sports Details'!$A$2:$A$33,MATCH(Q6,'Sports Details'!$B$2:$B$33,0)) -> INDOOR | Q6: Water Polo | R6: =VALUE(SUBSTITUTE('Sportsmen Details'!R6," k"," "))*1000 -> 56920 | S6: 2024 | T6: =S6-G6 -> 54
A7: =TEXT('Sportsmen Details'!A7,"000") -> 006 | B7: =UPPER(C7&" "&D7&" "&F7) -> MR. MORIAH LYNCH | C7: Mr. | D7: Moriah | F7: Lynch | G7: 1992 | H7: Sagittarius | I7: Male | J7: US | K7: =HLOOKUP(J7,'Location Details'!$B$2:$M$3,2,FALSE) -> USA | L7: =HLOOKUP(J7,CHOOSE({1;2},'Location Details'!$B$2:$M$2,'Location Details'!$B$1:$M$1),2,FALSE) -> English | M7: lynch.moriah@xyz.org | N7: 83 | O7: O− | P7: =INDEX('Sports Details'!$A$2:$A$33,MATCH(Q7,'Sports Details'!$B$2:$B$33,0)) -> INDOOR | Q7: Fencing | R7: =VALUE(SUBSTITUTE('Sportsmen Details'!R7," k"," "))*1000 -> 51130 | S7: 2024 | T7: =S7-G7 -> 32
A8: =TEXT('Sportsmen Details'!A8,"000") -> 007 | B8: =UPPER(C8&" "&D8&" "&F8) -> MS. AMIYA EICHMANN | C8: Ms. | D8: Amiya | F8: Eichmann | G8: 1999 | H8: Leo | I8: Female | J8: US | K8: =HLOOKUP(J8,'Location Details'!$B$2:$M$3,2,FALSE) -> USA | L8: =HLOOKUP(J8,CHOOSE({1;2},'Location Details'!$B$2:$M$2,'Location Details'!$B$1:$M$1),2,FALSE) -> English | M8: eichmann.amiya@xyz.org | N8: 61 | O8: B− | P8: =INDEX('Sports Details'!$A$2:$A$33,MATCH(Q8,'Sports Details'!$B$2:$B$33,0)) -> OUTDOOR | Q8: Cycling Road | R8: =VALUE(SUBSTITUTE('Sportsmen Details'!R8," k"," "))*1000 -> 65470 | S8: 2024 | T8: =S8-G8 -> 25
A9: =TEXT('Sportsmen Details'!A9,"000") -> 008 | B9: =UPPER(C9&" "&D9&" "&F9) -> MR. PIERCE RAU | C9: Mr. | D9: Pierce | F9: Rau | G9: 1963 | H9: Taurus | I9: Male | J9: US | K9: =HLOOKUP(J9,'Location Details'!$B$2:$M$3,2,FALSE) -> USA | L9: =HLOOKUP(J9,CHOOSE({1;2},'Location Details'!$B$2:$M$2,'Location Details'!$B$1:$M$1),2,FALSE) -> English | M9: rau.pierce@xyz.org | N9: 106 | O9: A+ | P9: =INDEX('Sports Details'!$A$2:$A$33,MATCH(Q9,'Sports Details'!$B$2:$B$33,0)) -> INDOOR | Q9: Curling | R9: =VALUE(SUBSTITUTE('Sportsmen Details'!R9," k"," "))*1000 -> 109900 | S9: 2024 | T9: =S9-G9 -> 61
A10: =TEXT('Sportsmen Details'!A10,"000") -> 009 | B10: =UPPER(C10&" "&D10&" "&F10) -> MS. AMELIA STEVENS | C10: Ms. | D10: Amelia | F10: Stevens | G10: 1971 | H10: Aquarius | I10: Female | J10: GB | K10: =HLOOKUP(J10,'Location Details'!$B$2:$M$3,2,FALSE) -> UK | L10: =HLOOKUP(J10,CHOOSE({1;2},'Location Details'!$B$2:$M$2,'Location Details'!$B$1:$M$1),2,FALSE) -> English | M10: stevens.amelia@xyz.org | N10: 65 | O10: A+ | P10: =INDEX('Sports Details'!$A$2:$A$33,MATCH(Q10,'Sports Details'!$B$2:$B$33,0)) -> INDOOR | Q10: Shooting | R10: =VALUE(SUBSTITUTE('Sportsmen Details'!R10," k"," "))*1000 -> 60060 | S10: 2024 | T10: =S10-G10 -> 53
A11: =TEXT('Sportsmen Details'!A11,"000") -> 010 | B11: =UPPER(C11&" "&D11&" "&F11) -> MR. TOBY SIMPSON | C11: Mr. | D11: Toby | F11: Simpson | G11: 1964 | H11: Sagittarius | I11: Male | J11: GB | K11: =HLOOKUP(J11,'Location Details'!$B$2:$M$3,2,FALSE) -> UK | L11: =HLOOKUP(J11,CHOOSE({1;2},'Location Details'!$B$2:$M$2,'Location Details'!$B$1:$M$1),2,FALSE) -> English | M11: simpson.toby@xyz.org | N11: 63 | O11: O+ | P11: =INDEX('Sports Details'!$A$2:$A$33,MATCH(Q11,'Sports Details'!$B$2:$B$33,0)) -> OUTDOOR | Q11: Cycling Road | R11: =VALUE(SUBSTITUTE('Sportsmen Details'!R11," k"," "))*1000 -> 32760 | S11: 2024 | T11: =S11-G11 -> 60
A12: =TEXT('Sportsmen Details'!A12,"000") -> 011 | B12: =UPPER(C12&" "&D12&" "&F12) -> SIR ETHAN MURPHY | C12: Sir | D12: Ethan | F12: Murphy | G12: 1986 | H12: Scorpio | I12: Male | J12: GB | K12: =HLOOKUP(J12,'Location Details'!$B$2:$M$3,2,FALSE) -> UK | L12: =HLOOKUP(J12,CHOOSE({1;2},'Location Details'!$B$2:$M$2,'Location Details'!$B$1:$M$1),2,FALSE) -> English | M12: murphy.ethan@xyz.org | N12: 104 | O12: O+ | P12: =INDEX('Sports Details'!$A$2:$A$33,MATCH(Q12,'Sports Details'!$B$2:$B$33,0)) -> OUTDOOR | Q12: Freestyle Skiing | R12: =VALUE(SUBSTITUTE('Sportsmen Details'!R12," k"," "))*1000 -> 99610 | S12: 2024 | T12: =S12-G12 -> 38
A13: =TEXT('Sportsmen Details'!A13,"000") -> 012 | B13: =UPPER(C13&" "&D13&" "&F13) -> MRS. ASHLEY WOOD | C13: Mrs. | D13: Ashley | F13: Wood | G13: 1977 | H13: Libra | I13: Female | J13: GB | K13: =HLOOKUP(J13,'Location Details'!$B$2:$M$3,2,FALSE) -> UK | L13: =HLOOKUP(J13,CHOOSE({1;2},'Location Details'!$B$2:$M$2,'Location Details'!$B$1:$M$1),2,FALSE) -> English | M13: wood.ashley@xyz.org | N13: 101 | O13: O+ | P13: =INDEX('Sports Details'!$A$2:$A$33,MATCH(Q13,'Sports Details'!$B$2:$B$33,0)) -> OUTDOOR | Q13: Archery | R13: =VALUE(SUBSTITUTE('Sportsmen Details'!R13," k"," "))*1000 -> 56600 | S13: 2024 | T13: =S13-G13 -> 47
A14: =TEXT('Sportsmen Details'!A14,"000") -> 013 | B14: =UPPER(C14&" "&D14&" "&F14) -> MS. MEGAN SCOTT | C14: Ms. | D14: Megan | F14: Scott | G14: 1977 | H14: Aquarius | I14: Female | J14: GB | K14: =HLOOKUP(J14,'Location Details'!$B$2:$M$3,2,FALSE) -> UK | L14: =HLOOKUP(J14,CHOOSE({1;2},'Location Details'!$B$2:$M$2,'Location Details'!$B$1:$M$1),2,FALSE) -> English | M14: scott.megan@xyz.org | N14: 71 | O14: A− | P14: =INDEX('Sports Details'!$A$2:$A$33,MATCH(Q14,'Sports Details'!$B$2:$B$33,0)) -> OUTDOOR | Q14: Rugby | R14: =VALUE(SUBSTITUTE('Sportsmen Details'!R14," k"," "))*1000 -> 117400 | S14: 2024 | T14: =S14-G14 -> 47
A15: =TEXT('Sportsmen Details'!A15,"000") -> 014 | B15: =UPPER(C15&" "&D15&" "&F15) -> HR. HELMUT WEINHAE | C15: Hr. | D15: Helmut | F15: Weinhae | G15: 1959 | H15: Virgo | I15: Male | J15: DE | K15: =HLOOKUP(J15,'Location Details'!$B$2:$M$3,2,FALSE) -> GERMANY | L15: =HLOOKUP(J15,CHOOSE({1;2},'Location Details'!$B$2:$M$2,'Location Details'!$B$1:$M$1),2,FALSE) -> German | M15: weinhae.helmut@xyz.org | N15: 68 | O15: A+ | P15: =INDEX('Sports Details'!$A$2:$A$33,MATCH(Q15,'Sports Details'!$B$2:$B$33,0)) -> OUTDOOR | Q15: Canoe Sprint | R15: =VALUE(SUBSTITUTE('Sportsmen Details'!R15," k"," "))*1000 -> 64860 | S15: 2024 | T15: =S15-G15 -> 65
A16: =TEXT('Sportsmen Details'!A16,"000") -> 015 | B16: =UPPER(C16&" "&D16&" "&F16) -> PROF. MILENA SCHOTIN | C16: Prof. | D16: Milena | F16: Schotin | G16: 1965 | H16: Pisces | I16: Female | J16: DE | K16: =HLOOKUP(J16,'Location Details'!$B$2:$M$3,2,FALSE) -> GERMANY | L16: =HLOOKUP(J16,CHOOSE({1;2},'Location Details'!$B$2:$M$2,'Location Details'!$B$1:$M$1),2,FALSE) -> German | M16: schotin.milena@xyz.org | N16: 105 | O16: O+ | P16: =INDEX('Sports Details'!$A$2:$A$33,MATCH(Q16,'Sports Details'!$B$2:$B$33,0)) -> INDOOR | Q16: Cycling BMX | R16: =VALUE(SUBSTITUTE('Sportsmen Details'!R16," k"," "))*1000 -> 10240 | S16: 2024 | T16: =S16-G16 -> 59
... A39: =TEXT('Sportsmen Details'!A39,"000") -> 038 | B39: =UPPER(C39&" "&D39&" "&F39) -> M. BERNARD HOARAU-GUYON | C39: M. | D39: Bernard | F39: Hoarau-Guyon | G39: 1983 | H39: Capricorn | I39: Male | J39: FR | K39: =HLOOKUP(J39,'Location Details'!$B$2:$M$3,2,FALSE) -> FRANCE | L39: =HLOOKUP(J39,CHOOSE({1;2},'Location Details'!$B$2:$M$2,'Location Details'!$B$1:$M$1),2,FALSE) -> French | M39: hoarau-guyon.bernard@xyz.org | N39: 60 | O39: O− | P39: =INDEX('Sports Details'!$A$2:$A$33,MATCH(Q39,'Sports Details'!$B$2:$B$33,0)) -> INDOOR | Q39: Cycling Track | R39: =VALUE(SUBSTITUTE('Sportsmen Details'!R39," k"," "))*1000 -> 71350 | S39: 2024 | T39: =S39-G39 -> 41
A40: =TEXT('Sportsmen Details'!A40,"000") -> 039 | B40: =UPPER(C40&" "&D40&" "&F40) -> SR. HIDALGO TERCERO | C40: Sr. | D40: Hidalgo | E40: Cantu | F40: Tercero | G40: 1984 | H40: Sagittarius | I40: Male | J40: AG | K40: =HLOOKUP(J40,'Location Details'!$B$2:$M$3,2,FALSE) -> ARGENTINA | L40: =HLOOKUP(J40,CHOOSE({1;2},'Location Details'!$B$2:$M$2,'Location Details'!$B$1:$M$1),2,FALSE) -> Spanish | M40: tercero.hidalgo@xyz.org | N40: 78 | O40: B− | P40: =INDEX('Sports Details'!$A$2:$A$33,MATCH(Q40,'Sports Details'!$B$2:$B$33,0)) -> OUTDOOR | Q40: Canoe Slalom | R40: =VALUE(SUBSTITUTE('Sportsmen Details'!R40," k"," "))*1000 -> 116400 | S40: 2024 | T40: =S40-G40 -> 40
A41: =TEXT('Sportsmen Details'!A41,"000") -> 040 | B41: =UPPER(C41&" "&D41&" "&F41) -> SR. HADALGO POLANCO | C41: Sr. | D41: Hadalgo | F41: Polanco | G41: 1988 | H41: Gemini | I41: Male | J41: AG | K41: =HLOOKUP(J41,'Location Details'!$B$2:$M$3,2,FALSE) -> ARGENTINA | L41: =HLOOKUP(J41,CHOOSE({1;2},'Location Details'!$B$2:$M$2,'Location Details'!$B$1:$M$1),2,FALSE) -> Spanish | M41: polanco.hadalgo@xyz.org | N41: 98 | O41: A− | P41: =INDEX('Sports Details'!$A$2:$A$33,MATCH(Q41,'Sports Details'!$B$2:$B$33,0)) -> OUTDOOR | Q41: Beach Volleyball | R41: =VALUE(SUBSTITUTE('Sportsmen Details'!R41," k"," "))*1000 -> 114100 | S41: 2024 | T41: =S41-G41 -> 36
A42: =TEXT('Sportsmen Details'!A42,"000") -> 041 | B42: =UPPER(C42&" "&D42&" "&F42) -> SRA. LAURA OLIVIERA | C42: Sra. | D42: Laura | F42: Oliviera | G42: 1974 | H42: Aquarius | I42: Female | J42: AG | K42: =HLOOKUP(J42,'Location Details'!$B$2:$M$3,2,FALSE) -> ARGENTINA | L42: =HLOOKUP(J42,CHOOSE({1;2},'Location Details'!$B$2:$M$2,'Location Details'!$B$1:$M$1),2,FALSE) -> Spanish | M42: oliviera.laura@xyz.org | N42: 52 | O42: O− | P42: =INDEX('Sports Details'!$A$2:$A$33,MATCH(Q42,'Sports Details'!$B$2:$B$33,0)) -> OUTDOOR | Q42: Athletics | R42: =VALUE(SUBSTITUTE('Sportsmen Details'!R42," k"," "))*1000 -> 79870 | S42: 2024 | T42: =S42-G42 -> 50
A43: =TEXT('Sportsmen Details'!A43,"000") -> 042 | B43: =UPPER(C43&" "&D43&" "&F43) -> SRA. AINHOA GARZA | C43: Sra. | D43: Ainhoa | F43: Garza | G43: 1990 | H43: Pisces | I43: Female | J43: ES | K43: =HLOOKUP(J43,'Location Details'!$B$2:$M$3,2,FALSE) -> SPAIN | L43: =HLOOKUP(J43,CHOOSE({1;2},'Location Details'!$B$2:$M$2,'Location Details'!$B$1:$M$1),2,FALSE) -> Spanish | M43: garza.ainhoa@xyz.org | N43: 56 | O43: O+ | P43: =INDEX('Sports Details'!$A$2:$A$33,MATCH(Q43,'Sports Details'!$B$2:$B$33,0)) -> INDOOR | Q43: Gymnastics Artistic | R43: =VALUE(SUBSTITUTE('Sportsmen Details'!R43," k"," "))*1000 -> 102000 | S43: 2024 | T43: =S43-G43 -> 34
A44: =TEXT('Sportsmen Details'!A44,"000") -> 043 | B44: =UPPER(C44&" "&D44&" "&F44) -> SRA. ISABEL BANDA | C44: Sra. | D44: Isabel | F44: Banda | G44: 1960 | H44: Capricorn | I44: Female | J44: ES | K44: =HLOOKUP(J44,'Location Details'!$B$2:$M$3,2,FALSE) -> SPAIN | L44: =HLOOKUP(J44,CHOOSE({1;2},'Location Details'!$B$2:$M$2,'Location Details'!$B$1:$M$1),2,FALSE) -> Spanish | M44: banda.isabel@xyz.org | N44: 102 | O44: O+ | P44: =INDEX('Sports Details'!$A$2:$A$33,MATCH(Q44,'Sports Details'!$B$2:$B$33,0)) -> OUTDOOR | Q44: Canoe Slalom | R44: =VALUE(SUBSTITUTE('Sportsmen Details'!R44," k"," "))*1000 -> 50660 | S44: 2024 | T44: =S44-G44 -> 64
A45: =TEXT('Sportsmen Details'!A45,"000") -> 044 | B45: =UPPER(C45&" "&D45&" "&F45) -> SRA. CAROLOTA MATEOS | C45: Sra. | D45: Carolota | F45: Mateos | G45: 1965 | H45: Leo | I45: Female | J45: ES | K45: =HLOOKUP(J45,'Location Details'!$B$2:$M$3,2,FALSE) -> SPAIN | L45: =HLOOKUP(J45,CHOOSE({1;2},'Location Details'!$B$2:$M$2,'Location Details'!$B$1:$M$1),2,FALSE) -> Spanish | M45: mateos.carolota@xyz.org | N45: 59 | O45: O− | P45: =INDEX('Sports Details'!$A$2:$A$33,MATCH(Q45,'Sports Details'!$B$2:$B$33,0)) -> OUTDOOR | Q45: Athletics | R45: =VALUE(SUBSTITUTE('Sportsmen Details'!R45," k"," "))*1000 -> 58220 | S45: 2024 | T45: =S45-G45 -> 59
A46: =TEXT('Sportsmen Details'!A46,"000") -> 045 | B46: =UPPER(C46&" "&D46&" "&F46) -> MW. ELIZE PRINS | C46: Mw. | D46: Elize | F46: Prins | G46: 1960 | H46: Taurus | I46: Female | J46: DU | K46: =HLOOKUP(J46,'Location Details'!$B$2:$M$3,2,FALSE) -> NETHERLANDS | L46: =HLOOKUP(J46,CHOOSE({1;2},'Location Details'!$B$2:$M$2,'Location Details'!$B$1:$M$1),2,FALSE) -> Dutch | M46: prins.elize@xyz.org | N46: 64 | O46: O+ | P46: =INDEX('Sports Details'!$A$2:$A$33,MATCH(Q46,'Sports Details'!$B$2:$B$33,0)) -> INDOOR | Q46: Judo | R46: =VALUE(SUBSTITUTE('Sportsmen Details'!R46," k"," "))*1000 -> 39940 | S46: 2024 | T46: =S46-G46 -> 64
A47: =TEXT('Sportsmen Details'!A47,"000") -> 046 | B47: =UPPER(C47&" "&D47&" "&F47) -> DHR. RYAN PHAM | C47: dhr. | D47: Ryan | F47: Pham | G47: 1973 | H47: Libra | I47: Male | J47: DU | K47: =HLOOKUP(J47,'Location Details'!$B$2:$M$3,2,FALSE) -> NETHERLANDS | L47: =HLOOKUP(J47,CHOOSE({1;2},'Location Details'!$B$2:$M$2,'Location Details'!$B$1:$M$1),2,FALSE) -> Dutch | M47: pham.ryan@xyz.org | N47: 99 | O47: B+ | P47: =INDEX('Sports Details'!$A$2:$A$33,MATCH(Q47,'Sports Details'!$B$2:$B$33,0)) -> OUTDOOR | Q47: Beach Volleyball | R47: =VALUE(SUBSTITUTE('Sportsmen Details'!R47," k"," "))*1000 -> 44870 | S47: 2024 | T47: =S47-G47 -> 51
A48: =TEXT('Sportsmen Details'!A48,"000") -> 047 | B48: =UPPER(C48&" "&D48&" "&F48) -> MW ELISE ROTTEVEEL | C48: Mw | D48: Elise | F48: Rotteveel | G48: 1968 | H48: Aries | I48: Female | J48: DU | K48: =HLOOKUP(J48,'Location Details'!$B$2:$M$3,2,FALSE) -> NETHERLANDS | L48: =HLOOKUP(J48,CHOOSE({1;2},'Location Details'!$B$2:$M$2,'Location Details'!$B$1:$M$1),2,FALSE) -> Dutch | M48: rotteveel.elise@xyz.org | N48: 62 | O48: O− | P48: =INDEX('Sports Details'!$A$2:$A$33,MATCH(Q48,'Sports Details'!$B$2:$B$33,0)) -> OUTDOOR | Q48: Beach Volleyball | R48: =VALUE(SUBSTITUTE('Sportsmen Details'!R48," k"," "))*1000 -> 90480 | S48: 2024 | T48: =S48-G48 -> 56
A49: =TEXT('Sportsmen Details'!A49,"000") -> 048 | B49: =UPPER(C49&" "&D49&" "&F49) -> FRU. MIRJAM SODERBERG | C49: Fru. | D49: Mirjam | F49: Soderberg | G49: 1997 | H49: Taurus | I49: Female | J49: SV | K49: =HLOOKUP(J49,'Location Details'!$B$2:$M$3,2,FALSE) -> SWEDEN | L49: =HLOOKUP(J49,CHOOSE({1;2},'Location Details'!$B$2:$M$2,'Location Details'!$B$1:$M$1),2,FALSE) -> Swedish | M49: soderberg.mirjam@xyz.org | N49: 50 | O49: O+ | P49: =INDEX('Sports Details'!$A$2:$A$33,MATCH(Q49,'Sports Details'!$B$2:$B$33,0)) -> OUTDOOR | Q49: Football | R49: =VALUE(SUBSTITUTE('Sportsmen Details'!R49," k"," "))*1000 -> 38970 | S49: 2024 | T49: =S49-G49 -> 27
A50: =TEXT('Sportsmen Details'!A50,"000") -> 049 | B50: =UPPER(C50&" "&D50&" "&F50) -> H. BERNDT PALSSON | C50: H. | D50: Berndt | F50: Palsson | G50: 1987 | H50: Pisces | I50: Male | J50: SV | K50: =HLOOKUP(J50,'Location Details'!$B$2:$M$3,2,FALSE) -> SWEDEN | L50: =HLOOKUP(J50,CHOOSE({1;2},'Location Details'!$B$2:$M$2,'Location Details'!$B$1:$M$1),2,FALSE) -> Swedish | M50: palsson.berndt@xyz.org | N50: 46 | O50: A− | P50: =INDEX('Sports Details'!$A$2:$A$33,MATCH(Q50,'Sports Details'!$B$2:$B$33,0)) -> OUTDOOR | Q50: Biathlon | R50: =VALUE(SUBSTITUTE('Sportsmen Details'!R50," k"," "))*1000 -> 35390 | S50: 2024 | T50: =S50-G50 -> 37
A51: =TEXT('Sportsmen Details'!A51,"000") -> 050 | B51: =UPPER(C51&" "&D51&" "&F51) -> SR. ADRIANO SOBRINHO | C51: Sr. | D51: Adriano | E51: Pontes | F51: Sobrinho | G51: 1993 | H51: Leo | I51: Male | J51: PR | K51: =HLOOKUP(J51,'Location Details'!$B$2:$M$3,2,FALSE) -> BRAZIL | L51: =HLOOKUP(J51,CHOOSE({1;2},'Location Details'!$B$2:$M$2,'Location Details'!$B$1:$M$1),2,FALSE) -> Portuguese | M51: sobrinho.adriano@xyz.org | N51: 93 | O51: A+ | P51: =INDEX('Sports Details'!$A$2:$A$33,MATCH(Q51,'Sports Details'!$B$2:$B$33,0)) -> INDOOR | Q51: Swimming | R51: =VALUE(SUBSTITUTE('Sportsmen Details'!R51," k"," "))*1000 -> 20530 | S51: 2024 | T51: =S51-G51 -> 31

Sheet Analysis-1
A1: 1. Calculate the Count of candidates from each Country and Gender Type.
A3: Count of FULL NAME | B3: Country
A4: Gender | B4: ARGENTINA | C4: AUSTRALIA | D4: AUSTRIA | E4: BRAZIL | F4: FRANCE | G4: GERMANY | H4: NETHERLANDS | I4: SPAIN | J4: SWEDEN | K4: UK | L4: USA | M4: Grand Total
A5: Female | B5: 1 | C5: 6 | D5: 1 | F5: 3 | G5: 1 | H5: 2 | I5: 3 | J5: 1 | K5: 3 | L5: 4 | M5: 25
A6: Male | B6: 2 | C6: 2 | D6: 2 | E6: 2 | F6: 6 | G6: 4 | H6: 1 | J6: 1 | K6: 2 | L6: 3 | M6: 25
A7: Grand Total | B7: 3 | C7: 8 | D7: 3 | E7: 2 | F7: 9 | G7: 5 | H7: 3 | I7: 3 | J7: 2 | K7: 5 | L7: 7 | M7: 50
A12: Maximum male sportsman belogs to France.
A14: Maximum Female sportsman belogs to Australia.

Sheet Analysis-2
A1: 2. Calculate the Count of candidates from each Sports and Gender Type.
B3: Count of FULL NAME | C3: Sports Type
B4: Gender | C4: INDOOR | D4: OUTDOOR | E4: Grand Total
B5: Female | C5: 9 | D5: 16 | E5: 25
B6: Male | C6: 9 | D6: 16 | E6: 25
B7: Grand Total | C7: 18 | D7: 32 | E7: 50
A9: 3. Calculate the SUM of Salary of the candidates from each Sports. | G9: 4. Calculate the SUM of Salary of candidates from each Country and Gender types.
B11: Sports | C11: Sum of SALARY | H11: Sum of SALARY | I11: Gender
B12: Alpine Skiing | C12: 199560 | H12: Country | I12: Female | J12: Male | K12: Grand Total
B13: Archery | C13: 56600 | H13: ARGENTINA | I13: 79870 | J13: 230500 | K13: 310370
B14: Athletics | C14: 138090 | H14: AUSTRALIA | I14: 350200 | J14: 153150 | K14: 503350
B15: Basketball | C15: 46350 | H15: AUSTRIA | I15: 55010 | J15: 69500 | K15: 124510
B16: Beach Volleyball | C16: 285210 | H16: BRAZIL | J16: 85250 | K16: 85250
B17: Biathlon | C17: 35390 | H17: FRANCE | I17: 174530 | J17: 437870 | K17: 612400
B18: Boxing | C18: 87470 | H18: GERMANY | I18: 10240 | J18: 323170 | K18: 333410
B19: Canoe Slalom | C19: 188950 | H19: NETHERLANDS | I19: 130420 | J19: 44870 | K19: 175290
B20: Canoe Sprint | C20: 64860 | H20: SPAIN | I20: 210880 | K20: 210880
B21: Curling | C21: 109900 | H21: SWEDEN | I21: 38970 | J21: 35390 | K21: 74360
B22: Cycling BMX | C22: 10240 | H22: UK | I22: 234060 | J22: 132370 | K22: 366430
B23: Cycling Mountain Bike | C23: 88790 | H23: USA | I23: 344470 | J23: 217950 | K23: 562420
B24: Cycling Road | C24: 215280 | H24: Grand Total | I24: 1628650 | J24: 1730020 | K24: 3358670
B25: Cycling Track | C25: 241820
B26: Diving | C26: 95120
B27: Equestrian / Dressage | C27: 96470
B28: Fencing | C28: 51130
B29: Football | C29: 103690
B30: Freestyle Skiing | C30: 99610
B31: Golf | C31: 69040
B32: Gymnastics Artistic | C32: 102000
B33: Handball | C33: 80760
B34: Hockey | C34: 108400
B35: Judo | C35: 39940
B36: Rugby | C36: 145860
... B44: Grand Total | C44: 3358670

Sheet Analysis-3
A1: 5. Calculate the Correlation between Age and Salary of the candidates using SCATTER PLOT. Verify it by calculating the Correlation Coefficeient.
A3: SALARY | B3: AGE | D3: Correlation Coefficent >>> | G3: =CORREL(A3:A53,B3:B53) -> -0.043782301 | I3: Salary does not significantly increase with age.
A4: 80730 | B4: 27 | D4: Moderate Negative Relationship
A5: 87470 | B5: 32
A6: 64720 | B6: 55
A7: 110800 | B7: 49
A8: 56920 | B8: 54
A9: 51130 | B9: 32
A10: 65470 | B10: 25
A11: 109900 | B11: 61
A12: 60060 | B12: 53
A13: 32760 | B13: 60
A14: 99610 | B14: 38
A15: 56600 | B15: 47
A16: 117400 | B16: 47
... A53: 20530 | B53: 31

Sheet Analysis-4
A1: 6. Calculte the Average weight of the sportspersons in each SPORTS.
B3: Sports | C3: Average of WEIGHT
B4: Alpine Skiing | C4: 49
B5: Archery | C5: 101
B6: Athletics | C6: 55.5
B7: Basketball | C7: 55
B8: Beach Volleyball | C8: 80.8
B9: Biathlon | C9: 46
B10: Boxing | C10: 84
B11: Canoe Slalom | C11: 79.666667
B12: Canoe Sprint | C12: 68
B13: Curling | C13: 106
B14: Cycling BMX | C14: 105
B15: Cycling Mountain Bike | C15: 71
... B36: Grand Total | C36: 75.78

Sheet Analysis-5
A1: 7. Which Country sportsperson is taking the highest salary for the participation ?
B3: Country | C3: Sum of SALARY
B4: ARGENTINA | C4: 310370
B5: AUSTRALIA | C5: 503350
B6: AUSTRIA | C6: 124510
B7: BRAZIL | C7: 85250
B8: FRANCE | C8: 612400
B9: GERMANY | C9: 333410
B10: NETHERLANDS | C10: 175290
B11: SPAIN | C11: 210880
B12: SWEDEN | C12: 74360
B13: UK | C13: 366430
B14: USA | C14: 562420
B15: Grand Total | C15: 3358670
